"","Item","IPIP100","BFAS","HEXACO","QB6","MPQ","IPIPneo","EPQr","PS"
"q_6","Accept people as they are.","NULL","NULL","H:A:G","NULL","NULL","NULL","NULL","NULL"
"q_20","Act comfortably with others.","NULL","NULL","NULL","NULL","MPQ:AL","E1:FR","NULL","NULL"
"q_22","Act impulsively when something is bothering me.","NULL","NULL","H:C:PR","NULL","NULL","NULL","NULL","NULL"
"q_23","Act like different people in different situations.","NULL","NULL","H:H:S","NULL","NULL","NULL","NULL","NULL"
"q_26","Act or feel in a way that does not fit me.","NULL","NULL","NULL","NULL","NULL","NULL","NULL","PS:S"
"q_31","Act wild and crazy.","NULL","NULL","NULL","NULL","NULL","E5:ES","NULL","NULL"
"q_35","Act without thinking.","NULL","NULL","NULL","NULL","NULL","C6:CA","NULL","NULL"
"q_38","Adapt easily to new situations.","NULL","NULL","NULL","NULL","NULL","N1:ANX","NULL","NULL"
"q_39","Adjust easily.","NULL","NULL","H:A:FL","NULL","NULL","NULL","NULL","NULL"
"q_40","Admire a really clever scam.","NULL","NULL","H:H:F","NULL","NULL","NULL","NULL","NULL"
"q_43","Always admit it when I make a mistake.","NULL","NULL","NULL","NULL","MPQ:UV","NULL","NULL","NULL"
"q_44","Always know what I am doing.","NULL","BFAS:C:I","NULL","NULL","MPQ:UV","NULL","NULL","NULL"
"q_45","Always know why I do things.","NULL","NULL","NULL","NULL","MPQ:UV","NULL","NULL","NULL"
"q_47","Am a creature of habit.","NULL","NULL","NULL","NULL","NULL","O4:AD","NULL","NULL"
"q_52","Am a person whose moods go up and down easily.","NULL","BFAS:N:V","NULL","NULL","NULL","NULL","NULL","NULL"
"q_53","Am a physical coward.","NULL","NULL","H:E:F","NULL","NULL","NULL","NULL","NULL"
"q_55","Am a very private person.","B5:E","NULL","NULL","QB6:X","NULL","NULL","NULL","NULL"
"q_56","Am able to control my cravings.","NULL","NULL","NULL","NULL","NULL","N5:IM","NULL","NULL"
"q_63","Am able to stand up for myself.","NULL","NULL","NULL","NULL","NULL","N4:SC","NULL","NULL"
"q_66","Am afraid of many things.","NULL","BFAS:N:W","NULL","QB6:ES","NULL","N1:ANX","NULL","NULL"
"q_67","Am afraid that I will do the wrong thing.","NULL","NULL","NULL","NULL","NULL","N4:SC","NULL","NULL"
"q_69","Am afraid to draw attention to myself.","NULL","NULL","NULL","NULL","NULL","N4:SC","NULL","NULL"
"q_71","Am always busy.","NULL","NULL","NULL","NULL","NULL","E4:AL","NULL","NULL"
"q_74","Am always on the go.","NULL","NULL","NULL","NULL","NULL","E4:AL","NULL","NULL"
"q_76","Am always prepared.","B5:C","NULL","NULL","NULL","MPQ:UV","C5:SD","NULL","NULL"
"q_77","Am always ready to start afresh.","NULL","NULL","NULL","NULL","MPQ:UV","NULL","NULL","NULL"
"q_79","Am an extraordinary person.","NULL","NULL","NULL","QB6:O","NULL","NULL","NULL","NULL"
"q_80","Am annoyed by others' mistakes.","NULL","NULL","H:A:FL","NULL","NULL","NULL","NULL","NULL"
"q_82","Am attached to conventional ways.","NULL","NULL","NULL","NULL","NULL","O4:AD","NULL","NULL"
"q_85","Am calm even in tense situations.","NULL","NULL","NULL","NULL","NULL","N6:VU","NULL","NULL"
"q_89","Am comfortable in unfamiliar situations.","NULL","NULL","NULL","NULL","NULL","N4:SC","NULL","NULL"
"q_90","Am concerned about others.","NULL","NULL","NULL","NULL","NULL","A3:AL","NULL","NULL"
"q_94","Am considered to be kind of eccentric.","NULL","NULL","H:O:U","NULL","NULL","NULL","NULL","NULL"
"q_98","Am deeply moved by others' misfortunes.","NULL","NULL","H:E:S","NULL","NULL","NULL","NULL","NULL"
"q_101","Am easily annoyed.","NULL","NULL","H:A:P","NULL","NULL","NULL","NULL","NULL"
"q_105","Am easily discouraged.","NULL","BFAS:N:W","NULL","NULL","NULL","NULL","NULL","NULL"
"q_107","Am easily distracted.","NULL","BFAS:C:I","NULL","NULL","NULL","NULL","NULL","NULL"
"q_108","Am easily disturbed.","B5:ES","NULL","NULL","NULL","NULL","NULL","NULL","NULL"
"q_114","Am easily intimidated.","NULL","NULL","NULL","NULL","NULL","N4:SC","NULL","NULL"
"q_121","Am easy to satisfy.","NULL","NULL","NULL","NULL","NULL","A4:CO","NULL","NULL"
"q_124","Am exacting in my work.","B5:C","NULL","H:C:D","NULL","MPQ:CO","NULL","NULL","NULL"
"q_126","Am filled with doubts about things.","NULL","BFAS:N:W","NULL","NULL","MPQ:SR","NULL","NULL","NULL"
"q_128","Am full of ideas.","B5:O","NULL","H:O:C","NULL","NULL","NULL","NULL","NULL"
"q_131","Am good at making impromptu speeches.","NULL","NULL","H:X:SB","NULL","MPQ:SP","NULL","NULL","PS:P"
"q_132","Am good at many things.","B5:O","NULL","NULL","NULL","NULL","NULL","NULL","NULL"
"q_134","Am good at taking advice.","NULL","NULL","H:A:FL","NULL","NULL","NULL","NULL","NULL"
"q_139","Am hard to convince.","NULL","NULL","H:A:FL","NULL","NULL","NULL","NULL","NULL"
"q_140","Am hard to get to know.","B5:A","BFAS:E:E","H:X:S","NULL","MPQ:SC","E1:FR","NULL","NULL"
"q_141","Am hard to reason with.","NULL","NULL","H:A:FL","NULL","NULL","NULL","NULL","NULL"
"q_142","Am hard to satisfy.","NULL","NULL","H:A:FL","NULL","NULL","NULL","NULL","NULL"
"q_145","Am inclined to forgive others.","NULL","NULL","H:A:FO","QB6:A","NULL","NULL","NULL","NULL"
"q_146","Am indifferent to the feelings of others.","B5:A","BFAS:A:C","NULL","NULL","NULL","A3:AL","NULL","NULL"
"q_148","Interested in many things.","NULL","NULL","NULL","NULL","NULL","O4:AD","NULL","PS:P"
"q_150","Am interested in people.","B5:A","NULL","NULL","NULL","NULL","NULL","NULL","NULL"
"q_151","Am interested in science.","NULL","NULL","H:O:I","NULL","NULL","NULL","NULL","NULL"
"q_152","Am just an ordinary person.","NULL","NULL","H:H:M","NULL","NULL","NULL","NULL","NULL"
"q_154","Am likely to show off if I get the chance.","NULL","NULL","H:H:M","NULL","NULL","NULL","NULL","NULL"
"q_156","Am mainly interested in money.","NULL","NULL","H:H:GA","NULL","NULL","NULL","NULL","NULL"
"q_157","Am more capable than most others.","NULL","NULL","H:H:M","NULL","NULL","NULL","NULL","NULL"
"q_158","Am never at a loss for words.","NULL","NULL","H:X:E","NULL","NULL","NULL","NULL","NULL"
"q_159","Am nice to people I should be angry at.","NULL","NULL","H:A:FO","NULL","NULL","NULL","NULL","NULL"
"q_163","Am not always honest with myself.","NULL","NULL","NULL","NULL","MPQ:UV","NULL","NULL","NULL"
"q_164","Am not always what I appear to be.","NULL","NULL","NULL","NULL","MPQ:UV","NULL","NULL","NULL"
"q_168","Am not bothered by difficult social situations.","NULL","NULL","NULL","NULL","NULL","N4:SC","NULL","NULL"
"q_169","Am not bothered by disorder.","NULL","BFAS:C:O","H:C:O","NULL","NULL","C2:OR","NULL","NULL"
"q_170","Am not bothered by messy people.","NULL","BFAS:C:O","NULL","NULL","NULL","C2:OR","NULL","NULL"
"q_174","Am not easily affected by my emotions.","NULL","NULL","NULL","NULL","NULL","O3:EM","NULL","NULL"
"q_175","Am not easily amused.","NULL","NULL","NULL","NULL","NULL","E6:CH","NULL","NULL"
"q_176","Am not easily annoyed.","NULL","BFAS:N:V","NULL","NULL","NULL","N2:ANG","NULL","NULL"
"q_177","Am not easily bothered by things.","B5:ES","NULL","NULL","NULL","MPQ:SR","N1:ANX","NULL","NULL"
"q_179","Am not easily disturbed by events.","NULL","NULL","H:E:A","NULL","NULL","N1:ANX","NULL","NULL"
"q_184","Am not embarrassed easily.","NULL","BFAS:N:W","NULL","NULL","NULL","N4:SC","NULL","NULL"
"q_185","Am not good at deceiving other people.","NULL","NULL","NULL","QB6:H","NULL","NULL","NULL","NULL"
"q_191","Am not highly motivated to succeed.","NULL","NULL","NULL","NULL","MPQ:AC","C4:AS","NULL","NULL"
"q_194","Am not interested in abstract ideas.","B5:O","NULL","NULL","NULL","NULL","O5:IN","NULL","NULL"
"q_195","Am not interested in other people's problems.","B5:A","BFAS:A:C","NULL","NULL","NULL","A6:SY","NULL","NULL"
"q_197","Am not interested in theoretical discussions.","NULL","NULL","NULL","NULL","NULL","O5:IN","NULL","NULL"
"q_200","Am not really interested in others.","B5:A","NULL","NULL","NULL","NULL","E1:FR","NULL","NULL"
"q_201","Am not sure where my life is going.","NULL","NULL","NULL","NULL","NULL","NULL","NULL","PS:S"
"q_206","Am often down in the dumps.","NULL","NULL","NULL","NULL","NULL","N3:DE","NULL","NULL"
"q_208","Am often in a bad mood.","NULL","NULL","NULL","NULL","MPQ:WB","N2:ANG","NULL","NULL"
"q_217","Am on good terms with nearly everyone.","B5:A","NULL","NULL","NULL","NULL","NULL","NULL","NULL"
"q_219","Am open about my feelings.","NULL","NULL","NULL","NULL","MPQ:SC","NULL","NULL","NULL"
"q_225","Am out for my own personal gain.","NULL","BFAS:A:P","H:H:GA","NULL","NULL","NULL","NULL","NULL"
"q_228","Am passionate about causes.","NULL","NULL","NULL","NULL","NULL","O3:EM","NULL","NULL"
"q_238","Am quick to correct others.","NULL","NULL","NULL","QB6:A","NULL","NULL","NULL","NULL"
"q_239","Am quick to judge others.","NULL","NULL","H:A:G","NULL","NULL","NULL","NULL","NULL"
"q_240","Am quick to understand things.","B5:O","BFAS:O:I","NULL","NULL","NULL","NULL","NULL","NULL"
"q_241","Am quiet around strangers.","B5:E","NULL","NULL","NULL","NULL","NULL","NULL","NULL"
"q_248","Am relaxed most of the time.","B5:ES","NULL","NULL","NULL","MPQ:SR","N1:ANX","NULL","NULL"
"q_251","Am seldom bothered ... suffering of strangers.","NULL","NULL","H:E:S","NULL","NULL","NULL","NULL","NULL"
"q_253","Am sensitive to the needs of others.","NULL","NULL","H:E:S","NULL","NULL","NULL","NULL","NULL"
"q_254","Am skilled in handling social situations.","B5:E","NULL","NULL","NULL","NULL","NULL","NULL","PS:P"
"q_258","Am sure of my ground.","NULL","NULL","NULL","NULL","NULL","C1:SE","NULL","NULL"
"q_260","Am the first to act.","NULL","BFAS:E:A","NULL","NULL","NULL","NULL","NULL","NULL"
"q_262","Am the life of the party.","B5:E","NULL","H:X:E","NULL","NULL","NULL","NULL","NULL"
"q_278","Am usually a patient person.","NULL","NULL","H:A:P","QB6:A","NULL","NULL","NULL","NULL"
"q_279","Am usually active and full of energy.","NULL","NULL","H:X:L","NULL","NULL","NULL","NULL","NULL"
"q_285","Am very pleased with myself.","NULL","NULL","NULL","NULL","NULL","N3:DE","NULL","NULL"
"q_286","Am wary of others.","NULL","NULL","NULL","NULL","MPQ:AL","A1:TR","NULL","NULL"
"q_292","Am willing to take risks.","NULL","NULL","H:E:F","NULL","NULL","NULL","NULL","NULL"
"q_294","Am willing to try anything once.","NULL","NULL","NULL","NULL","MPQ:HA","E5:ES","NULL","NULL"
"q_296","Amuse my friends.","NULL","NULL","NULL","NULL","NULL","E6:CH","NULL","NULL"
"q_298","Anticipate the needs of others.","NULL","NULL","NULL","NULL","NULL","A3:AL","NULL","NULL"
"q_312","Avoid company.","NULL","NULL","NULL","NULL","MPQ:SC","NULL","NULL","NULL"
"q_313","Avoid contacts with others.","NULL","NULL","NULL","NULL","MPQ:SC","E1:FR","NULL","NULL"
"q_314","Avoid crowds.","NULL","NULL","NULL","NULL","NULL","E2:GR","NULL","NULL"
"q_315","Avoid dangerous situations.","NULL","NULL","NULL","NULL","MPQ:HA","NULL","NULL","NULL"
"q_316","Avoid difficult reading material.","B5:O","BFAS:O:I","H:O:I","NULL","NULL","O5:IN","NULL","NULL"
"q_319","Avoid imposing my will on others.","NULL","BFAS:A:P","NULL","NULL","NULL","NULL","NULL","NULL"
"q_321","Avoid mistakes.","NULL","NULL","H:C:PR","NULL","NULL","C6:CA","NULL","NULL"
"q_322","Avoid philosophical discussions.","NULL","BFAS:O:I","NULL","NULL","NULL","O5:IN","NULL","NULL"
"q_331","[A]ngry w people...don't live up to my expectations.","NULL","NULL","H:A:G","QB6:A","NULL","NULL","NULL","NULL"
"q_332","Become overwhelmed by events.","NULL","BFAS:N:W","NULL","NULL","NULL","N6:VU","NULL","NULL"
"q_334","Begin to panic when there is danger.","NULL","NULL","H:E:F","NULL","NULL","NULL","NULL","NULL"
"q_339","Believe in an eye for an eye.","NULL","NULL","NULL","NULL","NULL","A6:SY","NULL","NULL"
"q_343","Believe in human goodness.","NULL","NULL","NULL","NULL","NULL","A1:TR","NULL","NULL"
"q_345","Believe in one true religion.","NULL","NULL","NULL","NULL","MPQ:TR","O6:LI","NULL","NULL"
"q_348","Believe in the importance of art.","NULL","BFAS:O:O","H:O:A","QB6:O","MPQ:TR","O2:AI","NULL","NULL"
"q_359","Believe that criminals should receive help rather than punishment.","NULL","NULL","NULL","NULL","MPQ:TR","O6:LI","NULL","NULL"
"q_364","Believe that I am better than others.","NULL","BFAS:A:P","H:H:M","NULL","NULL","A5:MO","NULL","NULL"
"q_369","Believe laws should be strictly enforced.","NULL","NULL","NULL","NULL","MPQ:TR","O6:LI","NULL","NULL"
"q_377","Believe that others have good intentions.","NULL","NULL","NULL","NULL","NULL","A1:TR","NULL","NULL"
"q_379","Believe that people are basically moral.","NULL","NULL","NULL","NULL","NULL","A1:TR","NULL","NULL"
"q_381","Believe that people are essentially evil.","NULL","NULL","NULL","NULL","NULL","A1:TR","NULL","NULL"
"q_383","Believe people should fend for themselves.","NULL","NULL","NULL","NULL","NULL","A6:SY","NULL","NULL"
"q_393","Believe there is never an excuse for lying.","NULL","NULL","NULL","NULL","MPQ:UV","NULL","NULL","NULL"
"q_394","Believe that there is no absolute right and wrong.","NULL","NULL","NULL","NULL","MPQ:TR","O6:LI","NULL","NULL"
"q_395","Believe that too much tax money goes to support artists.","NULL","NULL","NULL","NULL","NULL","O6:LI","NULL","NULL"
"q_397","Believe that we coddle criminals too much.","NULL","NULL","NULL","NULL","NULL","O6:LI","NULL","NULL"
"q_398","Believe that we should be tough on crime.","NULL","NULL","NULL","NULL","MPQ:TR","O6:LI","NULL","NULL"
"q_401","Boast about my virtues.","NULL","NULL","H:H:M","NULL","NULL","A5:MO","NULL","NULL"
"q_403","Bottle up my feelings.","B5:E","NULL","H:X:E","NULL","NULL","NULL","NULL","NULL"
"q_404","Break my promises.","NULL","NULL","NULL","NULL","NULL","C3:DU","NULL","NULL"
"q_405","Break rules.","NULL","NULL","NULL","NULL","NULL","C3:DU","NULL","NULL"
"q_413","Can be stirred up easily.","NULL","BFAS:N:V","NULL","NULL","NULL","NULL","NULL","NULL"
"q_422","Can handle a lot of information.","B5:O","BFAS:O:I","NULL","NULL","NULL","O5:IN","NULL","NULL"
"q_423","Can handle complex problems.","NULL","NULL","NULL","NULL","NULL","N6:VU","NULL","NULL"
"q_429","Can manage many things at the same time.","NULL","NULL","NULL","NULL","NULL","E4:AL","NULL","NULL"
"q_438","Can say things beautifully.","NULL","NULL","NULL","NULL","NULL","NULL","NULL","PS:P"
"q_455","Can talk others into doing things.","NULL","BFAS:E:A","NULL","NULL","MPQ:SP","E3:AS","NULL","NULL"
"q_460","Can't be bothered with other's needs.","NULL","BFAS:A:C","NULL","NULL","NULL","NULL","NULL","NULL"
"q_463","Can't do without the company of others.","NULL","NULL","H:E:D","NULL","NULL","NULL","NULL","NULL"
"q_469","Can't make up my mind.","NULL","NULL","NULL","NULL","NULL","N6:VU","NULL","NULL"
"q_477","Can't stand being contradicted.","NULL","NULL","H:A:FL","NULL","NULL","NULL","NULL","NULL"
"q_479","Can't stand confrontations.","NULL","NULL","NULL","NULL","NULL","A4:CO","NULL","NULL"
"q_487","Can't stand weak people.","NULL","NULL","NULL","NULL","NULL","A6:SY","NULL","NULL"
"q_491","Carry out my plans.","NULL","BFAS:C:I","NULL","NULL","NULL","C5:SD","NULL","NULL"
"q_492","Carry the conversation to a higher level.","B5:O","NULL","H:O:C","NULL","NULL","NULL","NULL","PS:P"
"q_493","Catch on to things quickly.","B5:O","NULL","NULL","NULL","NULL","NULL","NULL","NULL"
"q_497","Change my mood a lot.","B5:ES","BFAS:N:V","NULL","NULL","NULL","NULL","NULL","NULL"
"q_500","Cheat on people who have trusted me.","NULL","NULL","H:H:F","NULL","NULL","NULL","NULL","NULL"
"q_501","Cheat to get ahead.","NULL","NULL","H:H:F","NULL","MPQ:AG","A2:MO","NULL","NULL"
"q_505","Cheer people up.","NULL","NULL","NULL","NULL","NULL","E1:FR","NULL","NULL"
"q_507","Choose my words with care.","NULL","NULL","NULL","NULL","NULL","C6:CA","NULL","NULL"
"q_515","Come up with good solutions.","NULL","NULL","NULL","NULL","NULL","C1:SE","NULL","NULL"
"q_516","Come up with something new.","NULL","NULL","H:O:C","NULL","NULL","NULL","NULL","NULL"
"q_519","Complete my duties as soon as possible.","NULL","NULL","NULL","QB6:C","NULL","NULL","NULL","NULL"
"q_520","Complete tasks successfully.","NULL","NULL","H:C:D","NULL","NULL","C1:SE","NULL","NULL"
"q_525","Consider myself an average person.","NULL","NULL","H:H:M","NULL","NULL","A5:MO","NULL","NULL"
"q_530","Continue until everything is perfect.","B5:C","NULL","H:C:PE","NULL","MPQ:AC","NULL","NULL","NULL"
"q_531","Contradict others.","NULL","NULL","NULL","NULL","NULL","A4:CO","NULL","NULL"
"q_538","Criticize others' shortcomings.","NULL","NULL","H:A:G","NULL","NULL","NULL","NULL","NULL"
"q_539","Cry during movies.","NULL","NULL","H:E:S","NULL","NULL","NULL","NULL","NULL"
"q_549","Demand a lot from others.","NULL","NULL","NULL","QB6:ES","NULL","NULL","NULL","NULL"
"q_554","Demand quality.","NULL","NULL","H:C:PE","NULL","NULL","C4:AS","NULL","NULL"
"q_559","Detect mistakes.","NULL","NULL","H:C:PE","NULL","NULL","NULL","NULL","NULL"
"q_565","Dislike being the center of attention.","NULL","NULL","NULL","NULL","NULL","A5:MO","NULL","NULL"
"q_566","Dislike changes.","NULL","NULL","NULL","NULL","NULL","O4:AD","NULL","NULL"
"q_571","Dislike imperfect work.","NULL","NULL","H:C:PE","NULL","NULL","NULL","NULL","NULL"
"q_576","Dislike loud music.","NULL","NULL","NULL","NULL","NULL","E5:ES","NULL","NULL"
"q_578","Dislike myself.","NULL","NULL","NULL","NULL","MPQ:AL","N3:DE","NULL","NULL"
"q_581","Dislike new foods.","NULL","NULL","NULL","NULL","NULL","O4:AD","NULL","NULL"
"q_582","Dislike routine.","NULL","BFAS:C:O","NULL","NULL","NULL","NULL","NULL","NULL"
"q_586","Dislike talking about myself.","NULL","NULL","NULL","NULL","NULL","A5:MO","NULL","NULL"
"q_594","Distrust people.","NULL","NULL","H:A:FO","NULL","MPQ:AL","A1:TR","NULL","NULL"
"q_595","Do a lot in my spare time.","NULL","NULL","NULL","NULL","NULL","E4:AL","NULL","NULL"
"q_598","Do crazy things.","NULL","NULL","NULL","NULL","MPQ:HA","C6:CA","NULL","NULL"
"q_599","Do dangerous things.","NULL","NULL","NULL","NULL","MPQ:HA","NULL","NULL","NULL"
"q_602","Do just enough work to get by.","NULL","NULL","H:C:D","NULL","MPQ:AC","C4:AS","NULL","NULL"
"q_604","Do more than what's expected of me.","NULL","NULL","NULL","NULL","MPQ:AC","C4:AS","NULL","NULL"
"q_607","Do not enjoy going to art museums.","NULL","NULL","NULL","NULL","NULL","O2:AI","NULL","NULL"
"q_608","Do not enjoy watching dance performances.","NULL","NULL","H:O:A","NULL","NULL","O2:AI","NULL","NULL"
"q_609","Do not have a good imagination.","B5:O","NULL","H:O:C","NULL","NULL","O1:IM","NULL","NULL"
"q_610","Do not like art.","NULL","NULL","H:O:A","NULL","MPQ:AB","O2:AI","NULL","NULL"
"q_611","Do not like concerts.","NULL","NULL","H:O:A","NULL","NULL","O2:AI","NULL","NULL"
"q_612","Do not like poetry.","NULL","BFAS:O:O","H:O:A","NULL","MPQ:AB","O2:AI","NULL","NULL"
"q_618","Do the opposite of what is asked.","NULL","NULL","NULL","NULL","NULL","C3:DU","NULL","NULL"
"q_619","Do things according to a plan.","B5:C","NULL","H:C:PR","NULL","NULL","C2:OR","NULL","NULL"
"q_623","Do things by the book.","NULL","NULL","NULL","NULL","MPQ:CO","NULL","NULL","NULL"
"q_626","Do things in a half-way manner.","B5:C","NULL","NULL","NULL","NULL","NULL","NULL","NULL"
"q_630","Do things out of revenge.","NULL","NULL","NULL","NULL","MPQ:AG","NULL","NULL","NULL"
"q_632","Do things I later regret.","NULL","NULL","NULL","NULL","NULL","N5:IM","NULL","NULL"
"q_634","Do things that others find strange.","NULL","NULL","H:O:U","NULL","NULL","NULL","NULL","NULL"
"q_636","Do things without thinking of the consequences.","NULL","NULL","H:C:PR","NULL","NULL","NULL","NULL","NULL"
"q_637","Do too little work.","NULL","NULL","H:C:D","NULL","MPQ:AC","NULL","NULL","NULL"
"q_646","Don't always practice what I preach.","NULL","NULL","NULL","NULL","MPQ:UV","NULL","NULL","NULL"
"q_651","Don't [worry about] political and social problems.","NULL","NULL","H:O:I","NULL","NULL","NULL","NULL","NULL"
"q_660","Don't consider myself religious.","NULL","NULL","NULL","NULL","MPQ:TR","NULL","NULL","NULL"
"q_665","Don't finish the things that I start.","NULL","NULL","H:C:O","NULL","NULL","NULL","NULL","NULL"
"q_668","Don't have a soft side.","NULL","BFAS:A:C","NULL","NULL","NULL","NULL","NULL","NULL"
"q_670","Don't know much about history.","NULL","NULL","H:O:I","NULL","NULL","NULL","NULL","NULL"
"q_673","Don't know why I do some of the things I do.","NULL","NULL","H:C:PR","NULL","NULL","N5:IM","NULL","NULL"
"q_684","Don't like crowded events.","NULL","NULL","NULL","NULL","NULL","E2:GR","NULL","NULL"
"q_689","Don't like the idea of change.","NULL","NULL","NULL","NULL","NULL","O4:AD","NULL","NULL"
"q_690","Don't like to draw attention to myself.","B5:E","NULL","H:X:E","NULL","MPQ:SP","E3:AS","NULL","NULL"
"q_698","Don't mind being the center of attention.","B5:E","NULL","H:X:SB","NULL","NULL","NULL","NULL","PS:P"
"q_704","Don't pretend to be more than I am.","NULL","NULL","H:H:S","NULL","NULL","NULL","NULL","NULL"
"q_706","Don't put my mind on the task at hand.","NULL","BFAS:C:I","NULL","NULL","NULL","NULL","NULL","NULL"
"q_708","Don't see the consequences of things.","NULL","NULL","NULL","NULL","NULL","C1:SE","NULL","NULL"
"q_711","Don't strive for elegance in my appearance.","NULL","NULL","H:H:GA","NULL","NULL","NULL","NULL","NULL"
"q_712","Don't talk a lot.","B5:E","NULL","H:X:E","NULL","NULL","NULL","NULL","NULL"
"q_716","Don't think that I'm better than other people.","NULL","NULL","H:H:M","NULL","NULL","NULL","NULL","NULL"
"q_721","Don't understand people who get emotional.","NULL","NULL","H:E:S","NULL","NULL","O3:EM","NULL","NULL"
"q_722","Don't understand things.","NULL","NULL","NULL","NULL","NULL","C1:SE","NULL","NULL"
"q_727","Don't worry about things that have already happened.","NULL","NULL","H:E:A","NULL","MPQ:SR","N1:ANX","NULL","NULL"
"q_736","Easily resist temptations.","NULL","NULL","NULL","NULL","NULL","N5:IM","NULL","NULL"
"q_740","Engage in discussions.","NULL","NULL","NULL","NULL","NULL","NULL","NULL","PS:P"
"q_744","Enjoy being part of a group.","NULL","NULL","H:X:S","NULL","MPQ:SC","E2:GR","NULL","NULL"
"q_745","Enjoy being part of a loud crowd.","NULL","NULL","NULL","NULL","NULL","E5:ES","NULL","NULL"
"q_746","Enjoy being reckless.","NULL","NULL","NULL","NULL","MPQ:HA","E5:ES","NULL","NULL"
"q_747","Enjoy being thought of as a normal ""mainstream"" person.","NULL","NULL","H:O:U","NULL","NULL","NULL","NULL","NULL"
"q_755","Enjoy examining myself and my life.","NULL","NULL","NULL","NULL","NULL","O3:EM","NULL","NULL"
"q_757","Enjoy feeling ""close to the earth.""","NULL","NULL","H:O:A","NULL","NULL","NULL","NULL","NULL"
"q_761","Enjoy intellectual games.","NULL","NULL","H:O:I","NULL","NULL","NULL","NULL","NULL"
"q_776","Enjoy the beauty of nature.","NULL","BFAS:O:O","NULL","NULL","NULL","O2:AI","NULL","NULL"
"q_778","Enjoy thinking about things.","NULL","NULL","NULL","NULL","NULL","O5:IN","NULL","NULL"
"q_780","Enjoy wild flights of fantasy.","NULL","NULL","NULL","NULL","MPQ:AB","O1:IM","NULL","NULL"
"q_786","Excel in what I do.","NULL","NULL","NULL","NULL","MPQ:AC","C1:SE","NULL","NULL"
"q_793","Experience my emotions intensely.","NULL","NULL","NULL","NULL","NULL","O3:EM","NULL","NULL"
"q_797","Experience very few emotional highs and lows.","NULL","NULL","NULL","NULL","NULL","O3:EM","NULL","NULL"
"q_799","Express childlike joy.","NULL","NULL","NULL","NULL","NULL","E6:CH","NULL","NULL"
"q_803","Express myself easily.","NULL","NULL","NULL","NULL","NULL","NULL","NULL","PS:P"
"q_804","Face danger confidently.","NULL","NULL","H:E:F","NULL","NULL","NULL","NULL","NULL"
"q_808","Fear for the worst.","NULL","NULL","NULL","NULL","NULL","N1:ANX","NULL","NULL"
"q_811","Feel a sense of worthlessness or hopelessness.","NULL","NULL","NULL","QB6:ES","NULL","NULL","NULL","NULL"
"q_815","Feel at ease with people.","B5:E","NULL","NULL","NULL","NULL","NULL","NULL","NULL"
"q_816","Feel attacked by others.","NULL","NULL","NULL","NULL","MPQ:AL","NULL","NULL","NULL"
"q_819","Feel comfortable around people.","B5:E","NULL","H:X:SB","NULL","NULL","E1:FR","NULL","NULL"
"q_820","Feel comfortable with myself.","NULL","BFAS:N:W","NULL","NULL","MPQ:SR","N3:DE","NULL","NULL"
"q_824","Feel desperate.","NULL","NULL","NULL","NULL","NULL","N3:DE","NULL","PS:S"
"q_832","Feel healthy and vibrant most of the time.","NULL","NULL","H:X:L","NULL","NULL","NULL","NULL","NULL"
"q_838","Feel little concern for others.","B5:A","NULL","NULL","NULL","NULL","NULL","NULL","NULL"
"q_839","Feel lucky most of the time.","NULL","NULL","NULL","NULL","MPQ:WB","NULL","NULL","NULL"
"q_844","Feel others' emotions.","B5:A","BFAS:A:C","H:E:S","NULL","NULL","O3:EM","NULL","NULL"
"q_848","Feel short-changed in life.","NULL","NULL","NULL","NULL","MPQ:AL","NULL","NULL","NULL"
"q_851","Feel sympathy for those who are worse off than myself.","NULL","NULL","NULL","NULL","NULL","A6:SY","NULL","NULL"
"q_861","Feel that I have a lot of inner strength.","NULL","NULL","H:X:L","NULL","NULL","NULL","NULL","NULL"
"q_867","Feel that I'm unable to deal with things.","NULL","NULL","NULL","NULL","NULL","N6:VU","NULL","NULL"
"q_871","Feel that most people can't be trusted.","NULL","NULL","H:A:FO","NULL","NULL","NULL","NULL","NULL"
"q_875","Feel that my life lacks direction.","NULL","NULL","NULL","NULL","MPQ:WB","N3:DE","NULL","PS:S"
"q_878","Feel that others misunderstand me.","NULL","NULL","NULL","NULL","NULL","NULL","NULL","PS:S"
"q_880","Feel that people are against me.","NULL","NULL","NULL","NULL","NULL","NULL","NULL","PS:S"
"q_882","Feel that people have a hard time understanding me.","NULL","NULL","NULL","NULL","MPQ:AL","NULL","NULL","PS:S"
"q_890","Feel threatened easily.","B5:ES","BFAS:N:W","NULL","NULL","NULL","NULL","NULL","NULL"
"q_898","Find fault with everything.","NULL","NULL","H:A:G","NULL","NULL","NULL","NULL","NULL"
"q_901","Find it difficult to approach others.","B5:E","NULL","H:X:SB","NULL","NULL","N4:SC","NULL","NULL"
"q_904","Find it difficult to get down to work.","B5:C","BFAS:C:I","NULL","NULL","NULL","C5:SD","NULL","NULL"
"q_905","Find it difficult to manipulate others.","NULL","NULL","NULL","NULL","MPQ:SP","NULL","NULL","NULL"
"q_915","Find it hard to forgive others.","NULL","NULL","H:A:FO","NULL","NULL","NULL","NULL","NULL"
"q_917","Find it necessary to please the people who have power.","NULL","NULL","H:H:S","NULL","NULL","NULL","NULL","NULL"
"q_919","Find life difficult.","NULL","NULL","NULL","NULL","NULL","NULL","NULL","PS:S"
"q_920","Find myself in the same kinds of trouble, time after time.","NULL","NULL","NULL","NULL","NULL","NULL","NULL","PS:S"
"q_923","Find political discussions interesting.","NULL","NULL","H:O:I","NULL","NULL","NULL","NULL","NULL"
"q_926","...[T]akes a lot to make me feel angry at someone.","NULL","NULL","H:A:P","NULL","NULL","NULL","NULL","NULL"
"q_930","Finish what I start.","NULL","BFAS:C:I","NULL","NULL","NULL","NULL","NULL","NULL"
"q_931","Follow a schedule.","B5:C","BFAS:C:O","NULL","NULL","NULL","NULL","NULL","NULL"
"q_946","Formulate ideas clearly.","NULL","BFAS:O:I","NULL","NULL","NULL","NULL","NULL","NULL"
"q_952","Get angry easily.","B5:ES","BFAS:N:V","H:A:P","QB6:A","NULL","N2:ANG","NULL","NULL"
"q_957","Get back at others.","NULL","NULL","NULL","NULL","MPQ:AG","A4:CO","NULL","NULL"
"q_958","Get back at people who insult me.","NULL","NULL","H:A:FO","QB6:A","NULL","NULL","NULL","NULL"
"q_960","Get caught up in my problems.","B5:ES","NULL","NULL","NULL","NULL","N1:ANX","NULL","NULL"
"q_962","Get chores done right away.","B5:C","NULL","H:C:O","NULL","NULL","C5:SD","NULL","NULL"
"q_964","Get deeply immersed in music.","NULL","BFAS:O:O","H:O:A","NULL","NULL","NULL","NULL","NULL"
"q_965","Get easily agitated.","NULL","BFAS:N:V","NULL","NULL","NULL","NULL","NULL","NULL"
"q_966","Get even with others.","NULL","NULL","H:A:FO","NULL","NULL","NULL","NULL","NULL"
"q_974","Get irritated easily.","B5:ES","NULL","H:A:P","NULL","NULL","N2:ANG","NULL","NULL"
"q_977","Get others to do my duties.","NULL","NULL","NULL","NULL","NULL","C3:DU","NULL","NULL"
"q_978","Get out of control.","NULL","NULL","NULL","NULL","NULL","NULL","NULL","PS:S"
"q_979","Get overwhelmed by emotions.","B5:ES","NULL","NULL","NULL","NULL","N6:VU","NULL","NULL"
"q_985","Get started quickly on doing a job.","NULL","NULL","H:C:D","NULL","NULL","NULL","NULL","NULL"
"q_986","Get stressed out easily.","B5:ES","NULL","H:E:A","NULL","MPQ:SR","N1:ANX","NULL","NULL"
"q_988","Get things done quickly.","NULL","BFAS:C:I","NULL","NULL","NULL","NULL","NULL","NULL"
"q_992","Get to work at once.","NULL","NULL","NULL","NULL","NULL","C5:SD","NULL","NULL"
"q_994","Get upset by unpleasant thoughts that come into my mind.","NULL","NULL","H:E:A","NULL","NULL","NULL","NULL","NULL"
"q_995","Get upset easily.","B5:ES","BFAS:N:V","H:A:P","NULL","NULL","N2:ANG","NULL","NULL"
"q_997","[Get upset if others change way I arranged things].","NULL","NULL","H:A:FL","NULL","NULL","NULL","NULL","NULL"
"q_1009","Go on binges.","NULL","NULL","NULL","NULL","NULL","N5:IM","NULL","NULL"
"q_1012","Go straight for the goal.","NULL","NULL","NULL","NULL","NULL","C4:AS","NULL","NULL"
"q_1020","Grumble about things.","B5:ES","NULL","NULL","NULL","NULL","NULL","NULL","PS:S"
"q_1022","Habitually blow my chances.","NULL","NULL","NULL","NULL","NULL","NULL","NULL","PS:S"
"q_1023","Handle tasks smoothly.","NULL","NULL","NULL","NULL","NULL","C1:SE","NULL","NULL"
"q_1024","Hang around doing nothing.","NULL","NULL","H:C:D","NULL","NULL","NULL","NULL","NULL"
"q_1027","Hate being the center of attention.","NULL","NULL","H:X:SB","NULL","NULL","NULL","NULL","NULL"
"q_1031","Hate to seem pushy.","NULL","BFAS:A:P","NULL","NULL","NULL","A4:CO","NULL","NULL"
"q_1033","Hate waiting for anything.","NULL","NULL","NULL","QB6:A","NULL","NULL","NULL","NULL"
"q_1038","Have a dark outlook on the future.","NULL","NULL","NULL","NULL","MPQ:WB","NULL","NULL","PS:S"
"q_1041","Have a good word for everyone.","B5:A","NULL","H:A:G","NULL","NULL","A3:AL","NULL","NULL"
"q_1042","Have a high opinion of myself.","NULL","NULL","NULL","NULL","NULL","A5:MO","NULL","NULL"
"q_1043","Have a lot of fun.","NULL","BFAS:E:E","H:X:L","NULL","MPQ:WB","E6:CH","NULL","NULL"
"q_1044","Have a low opinion of myself.","NULL","NULL","NULL","NULL","MPQ:WB","N3:DE","NULL","NULL"
"q_1045","Have a natural talent for influencing people.","NULL","NULL","NULL","NULL","MPQ:SP","NULL","NULL","PS:P"
"q_1050","Have a rich vocabulary.","B5:O","BFAS:O:I","H:O:I","QB6:O","NULL","O5:IN","NULL","NULL"
"q_1051","Have a sharp tongue.","NULL","NULL","H:A:G","NULL","MPQ:AG","A4:CO","NULL","NULL"
"q_1052","Have a slow pace to my life.","NULL","NULL","NULL","NULL","MPQ:AC","NULL","NULL","NULL"
"q_1053","Have a soft heart.","B5:A","NULL","NULL","NULL","NULL","NULL","NULL","NULL"
"q_1054","Have a strong need for power.","NULL","NULL","H:H:GA","NULL","NULL","NULL","NULL","NULL"
"q_1055","Have a strong personality.","NULL","BFAS:E:A","H:X:SB","NULL","NULL","NULL","NULL","PS:P"
"q_1058","Have a vivid imagination.","B5:O","NULL","H:O:C","NULL","MPQ:AB","O1:IM","NULL","NULL"
"q_1063","Have an eye for detail.","NULL","NULL","H:C:PE","NULL","NULL","NULL","NULL","NULL"
"q_1064","Have an intense, boisterous laugh.","NULL","NULL","H:X:E","NULL","NULL","NULL","NULL","NULL"
"q_1081","Have difficulty expressing my feelings.","NULL","NULL","NULL","NULL","NULL","NULL","NULL","PS:P"
"q_1083","Have difficulty imagining things.","B5:O","NULL","H:O:C","NULL","NULL","O1:IM","NULL","NULL"
"q_1087","Have difficulty starting tasks.","NULL","NULL","NULL","NULL","NULL","C5:SD","NULL","NULL"
"q_1088","Have difficulty understanding abstract ideas.","B5:O","BFAS:O:I","NULL","QB6:O","NULL","O5:IN","NULL","NULL"
"q_1090","Have excellent ideas.","B5:O","NULL","H:O:C","NULL","NULL","NULL","NULL","NULL"
"q_1099","Have frequent mood swings.","B5:ES","NULL","NULL","NULL","MPQ:SR","N3:DE","NULL","NULL"
"q_1104","Have great stamina.","NULL","NULL","H:X:L","NULL","NULL","NULL","NULL","NULL"
"q_1110","Have leadership abilities.","NULL","NULL","H:X:SB","NULL","NULL","NULL","NULL","PS:P"
"q_1113","Have little to contribute.","NULL","NULL","NULL","NULL","NULL","C1:SE","NULL","NULL"
"q_1114","Have little to say.","B5:E","NULL","H:X:SB","NULL","MPQ:SP","E3:AS","NULL","PS:P"
"q_1120","Have never engaged in gossip.","NULL","NULL","NULL","NULL","MPQ:UV","NULL","NULL","NULL"
"q_1132","Have read the great literary classics.","NULL","NULL","H:O:A","NULL","NULL","NULL","NULL","NULL"
"q_1136","Have some bad habits.","NULL","NULL","NULL","NULL","MPQ:UV","NULL","NULL","NULL"
"q_1138","Have sometimes had to tell a lie.","NULL","NULL","NULL","NULL","MPQ:UV","NULL","NULL","NULL"
"q_1146","Have trouble guessing how others will react.","NULL","NULL","H:O:C","NULL","NULL","NULL","NULL","NULL"
"q_1150","Hold a grudge.","NULL","NULL","H:A:FO","NULL","MPQ:AG","A4:CO","NULL","NULL"
"q_1151","Hold back my opinions.","NULL","BFAS:E:A","NULL","NULL","NULL","E3:AS","NULL","NULL"
"q_1159","Immediately feel sad when hearing of an unhappy event.","NULL","NULL","H:E:S","NULL","NULL","NULL","NULL","NULL"
"q_1161","Indulge in my fantasies.","NULL","NULL","NULL","NULL","NULL","O1:IM","NULL","NULL"
"q_1162","Inquire about others' well-being.","B5:A","BFAS:A:C","NULL","NULL","NULL","NULL","NULL","NULL"
"q_1163","Insult people.","B5:A","BFAS:A:P","NULL","NULL","NULL","A4:CO","NULL","NULL"
"q_1169","Involve others in what I am doing.","NULL","NULL","NULL","NULL","NULL","E2:GR","NULL","NULL"
"q_1173","Jump into things without thinking.","NULL","NULL","H:C:PR","NULL","MPQ:CO","C6:CA","NULL","NULL"
"q_1175","Just know that I will be a success.","NULL","NULL","NULL","NULL","MPQ:WB","NULL","NULL","NULL"
"q_1180","Keep in the background.","B5:E","NULL","H:X:SB","NULL","MPQ:SP","E3:AS","NULL","NULL"
"q_1184","Keep my cool.","NULL","NULL","NULL","NULL","NULL","N2:ANG","NULL","NULL"
"q_1185","Keep my emotions under control.","NULL","BFAS:N:V","NULL","NULL","NULL","NULL","NULL","NULL"
"q_1190","Keep my promises.","NULL","NULL","NULL","NULL","NULL","C3:DU","NULL","NULL"
"q_1196","Keep others at a distance.","NULL","BFAS:E:E","H:X:S","NULL","MPQ:SC","E1:FR","NULL","NULL"
"q_1201","Keep things tidy.","NULL","BFAS:C:O","H:C:O","NULL","NULL","NULL","NULL","NULL"
"q_1205","Know how to captivate people.","B5:E","BFAS:E:A","NULL","NULL","NULL","NULL","NULL","PS:P"
"q_1206","Know how to comfort others.","B5:A","NULL","NULL","NULL","NULL","NULL","NULL","NULL"
"q_1209","Know how to cope.","NULL","NULL","NULL","NULL","NULL","N6:VU","NULL","NULL"
"q_1214","Know how to get around the rules.","NULL","NULL","NULL","NULL","NULL","A2:MO","NULL","NULL"
"q_1215","Know how to get things done.","NULL","NULL","NULL","NULL","NULL","C1:SE","NULL","NULL"
"q_1218","Know immediately what to do.","NULL","NULL","NULL","NULL","MPQ:UV","NULL","NULL","NULL"
"q_1223","Know that anyone who tries can get a job.","NULL","NULL","NULL","NULL","MPQ:UV","NULL","NULL","NULL"
"q_1232","Know that my ideas sometimes surprise people.","NULL","NULL","H:O:U","NULL","NULL","NULL","NULL","NULL"
"q_1235","Know the answers to many questions.","NULL","NULL","NULL","NULL","NULL","A5:MO","NULL","NULL"
"q_1242","Lack the talent for influencing people.","NULL","BFAS:E:A","NULL","NULL","MPQ:SP","NULL","NULL","NULL"
"q_1243","Laugh a lot.","NULL","BFAS:E:E","H:X:L","QB6:X","NULL","NULL","NULL","NULL"
"q_1244","Laugh aloud.","NULL","NULL","NULL","NULL","NULL","E6:CH","NULL","NULL"
"q_1248","Laugh my way through life.","NULL","NULL","NULL","NULL","NULL","E6:CH","NULL","NULL"
"q_1253","Learn things slowly.","NULL","BFAS:O:I","NULL","NULL","NULL","NULL","NULL","NULL"
"q_1254","Leave a mess in my room.","B5:C","NULL","H:C:O","QB6:C","NULL","C2:OR","NULL","NULL"
"q_1255","Leave my belongings around.","B5:C","BFAS:C:O","H:C:O","NULL","NULL","C2:OR","NULL","NULL"
"q_1260","Let myself be influenced by others.","NULL","NULL","H:E:D","NULL","NULL","NULL","NULL","NULL"
"q_1276","Let people push me around to help them feel important.","NULL","NULL","H:H:S","NULL","NULL","NULL","NULL","NULL"
"q_1280","Let things proceed at their own pace.","NULL","NULL","NULL","NULL","NULL","E4:AL","NULL","NULL"
"q_1281","Like a leisurely lifestyle.","NULL","NULL","NULL","NULL","NULL","E4:AL","NULL","NULL"
"q_1289","Like music.","NULL","NULL","NULL","NULL","NULL","O2:AI","NULL","NULL"
"q_1290","Like order.","B5:C","BFAS:C:O","H:C:O","QB6:C","NULL","C2:OR","NULL","NULL"
"q_1292","Like to act on a whim.","NULL","NULL","NULL","NULL","MPQ:CO","C6:CA","NULL","NULL"
"q_1296","Like to attract attention.","NULL","NULL","H:H:M","NULL","NULL","NULL","NULL","NULL"
"q_1300","Like to be thought of as a normal kind of person.","NULL","NULL","H:O:U","NULL","NULL","NULL","NULL","NULL"
"q_1301","Like to be viewed as proper and conventional.","NULL","NULL","H:O:U","NULL","NULL","NULL","NULL","NULL"
"q_1303","Like to begin new things.","NULL","NULL","NULL","NULL","NULL","O4:AD","NULL","NULL"
"q_1306","Like to do frightening things.","NULL","NULL","H:E:F","QB6:H","NULL","NULL","NULL","NULL"
"q_1307","Like to do things for others.","NULL","BFAS:A:C","NULL","NULL","NULL","NULL","NULL","NULL"
"q_1310","Like to get lost in thought.","NULL","NULL","NULL","NULL","MPQ:AB","O1:IM","NULL","NULL"
"q_1321","Like to plan ahead.","NULL","NULL","NULL","QB6:C","MPQ:CO","NULL","NULL","NULL"
"q_1327","Like to solve complex problems.","NULL","BFAS:O:I","NULL","NULL","NULL","O5:IN","NULL","NULL"
"q_1328","Like to stand during the national anthem.","NULL","NULL","NULL","NULL","MPQ:TR","O6:LI","NULL","NULL"
"q_1329","Like to take it easy.","NULL","NULL","NULL","NULL","NULL","E4:AL","NULL","NULL"
"q_1330","Like to take my time.","NULL","NULL","NULL","NULL","NULL","E4:AL","NULL","NULL"
"q_1333","Like to tidy up.","B5:C","NULL","H:C:O","NULL","NULL","C2:OR","NULL","NULL"
"q_1334","Like to visit new places.","NULL","NULL","NULL","NULL","NULL","O4:AD","NULL","NULL"
"q_1341","Listen to my conscience.","NULL","NULL","NULL","NULL","NULL","C3:DU","NULL","NULL"
"q_1350","Look at the bright side of life.","NULL","NULL","NULL","NULL","NULL","E6:CH","NULL","NULL"
"q_1354","Look down on others.","NULL","NULL","NULL","NULL","NULL","A3:AL","NULL","NULL"
"q_1357","Lose my temper.","NULL","NULL","H:A:P","NULL","NULL","N2:ANG","NULL","NULL"
"q_1359","Love a good fight.","NULL","BFAS:A:P","NULL","NULL","NULL","A4:CO","NULL","NULL"
"q_1360","Love action.","NULL","NULL","NULL","NULL","NULL","E5:ES","NULL","NULL"
"q_1364","Love children.","B5:A","NULL","NULL","NULL","NULL","NULL","NULL","NULL"
"q_1367","Love dangerous situations.","NULL","NULL","H:E:F","NULL","NULL","NULL","NULL","NULL"
"q_1368","Love excitement.","NULL","NULL","NULL","NULL","NULL","E5:ES","NULL","NULL"
"q_1369","Love flowers.","NULL","NULL","NULL","NULL","NULL","O2:AI","NULL","NULL"
"q_1370","Love large parties.","NULL","NULL","NULL","NULL","NULL","E2:GR","NULL","NULL"
"q_1371","Love life.","NULL","NULL","NULL","NULL","MPQ:WB","E6:CH","NULL","NULL"
"q_1372","Love luxury.","NULL","NULL","H:H:GA","NULL","NULL","NULL","NULL","NULL"
"q_1373","Love my enemies.","NULL","NULL","H:A:FO","NULL","NULL","NULL","NULL","NULL"
"q_1374","Love order and regularity.","B5:C","NULL","NULL","NULL","NULL","C2:OR","NULL","NULL"
"q_1376","Love surprise parties.","NULL","NULL","NULL","NULL","NULL","E2:GR","NULL","NULL"
"q_1379","Love to chat.","NULL","NULL","H:X:S","NULL","MPQ:SC","NULL","NULL","NULL"
"q_1381","Love to daydream.","NULL","NULL","NULL","NULL","MPQ:AB","O1:IM","NULL","NULL"
"q_1384","Love to eat.","NULL","NULL","NULL","NULL","NULL","N5:IM","NULL","NULL"
"q_1385","Love to help others.","B5:A","NULL","NULL","NULL","NULL","A3:AL","NULL","NULL"
"q_1388","Love to read challenging material.","B5:O","NULL","H:O:I","NULL","NULL","O5:IN","NULL","NULL"
"q_1389","Love to reflect on things.","NULL","BFAS:O:O","NULL","NULL","MPQ:AB","NULL","NULL","NULL"
"q_1392","Love to think up new ways of doing things.","B5:O","NULL","H:O:C","NULL","NULL","NULL","NULL","NULL"
"q_1393","Maintain high energy throughout the day.","NULL","NULL","H:X:L","NULL","NULL","NULL","NULL","NULL"
"q_1395","Make a fool of myself.","NULL","NULL","H:C:PR","NULL","NULL","NULL","NULL","NULL"
"q_1397","Make a mess of things.","B5:C","NULL","NULL","NULL","MPQ:CO","NULL","NULL","NULL"
"q_1401","Make careless mistakes.","NULL","NULL","H:C:PR","NULL","NULL","NULL","NULL","NULL"
"q_1410","Make friends easily.","B5:E","BFAS:E:E","H:X:S","NULL","MPQ:SC","E1:FR","NULL","NULL"
"q_1416","Make myself the center of attention.","NULL","NULL","NULL","NULL","NULL","A5:MO","NULL","NULL"
"q_1419","Make people feel at ease.","B5:A","NULL","NULL","NULL","NULL","NULL","NULL","NULL"
"q_1420","Make people feel uncomfortable.","NULL","NULL","NULL","NULL","NULL","A3:AL","NULL","NULL"
"q_1421","Make people feel welcome.","NULL","NULL","NULL","NULL","NULL","A3:AL","NULL","NULL"
"q_1422","Make plans and stick to them.","B5:C","NULL","H:C:PR","NULL","MPQ:CO","NULL","NULL","NULL"
"q_1424","Make rash decisions.","NULL","NULL","H:C:PR","NULL","MPQ:CO","C6:CA","NULL","NULL"
"q_1429","Mess things up.","NULL","BFAS:C:I","NULL","NULL","NULL","NULL","NULL","NULL"
"q_1435","Misjudge situations.","NULL","NULL","NULL","NULL","NULL","C1:SE","NULL","NULL"
"q_1436","Misrepresent the facts.","NULL","NULL","NULL","NULL","NULL","C3:DU","NULL","NULL"
"q_1441","Need a creative outlet.","NULL","BFAS:O:O","NULL","NULL","NULL","NULL","NULL","NULL"
"q_1444","Need a push to get started.","NULL","NULL","NULL","NULL","NULL","C5:SD","NULL","NULL"
"q_1446","Need protection.","NULL","NULL","H:E:D","NULL","NULL","NULL","NULL","NULL"
"q_1447","Need reassurance.","NULL","NULL","H:E:D","NULL","NULL","NULL","NULL","NULL"
"q_1448","Need the approval of others.","NULL","NULL","H:E:D","NULL","NULL","NULL","NULL","NULL"
"q_1452","Neglect my duties.","B5:C","NULL","NULL","NULL","NULL","NULL","NULL","NULL"
"q_1457","Never give up hope.","NULL","NULL","NULL","NULL","MPQ:UV","NULL","NULL","NULL"
"q_1458","Never give up.","NULL","NULL","NULL","NULL","MPQ:UV","NULL","NULL","NULL"
"q_1461","Never spend more than I can afford.","NULL","NULL","NULL","NULL","NULL","N5:IM","NULL","NULL"
"q_1462","Never splurge.","NULL","NULL","NULL","NULL","NULL","N5:IM","NULL","NULL"
"q_1467","Obstruct others' plans.","NULL","NULL","NULL","NULL","NULL","A2:MO","NULL","NULL"
"q_1474","Often eat too much.","NULL","NULL","NULL","NULL","NULL","N5:IM","NULL","NULL"
"q_1477","Often express doubts.","NULL","NULL","NULL","NULL","NULL","NULL","NULL","PS:S"
"q_1479","Often feel blue.","B5:ES","NULL","H:X:L","NULL","MPQ:WB","N3:DE","NULL","NULL"
"q_1480","Often feel uncomfortable around others.","B5:E","NULL","NULL","NULL","NULL","E1:FR","NULL","NULL"
"q_1483","[Forget to put things back].","B5:C","NULL","H:C:O","NULL","NULL","C2:OR","NULL","NULL"
"q_1488","Often make last-minute plans.","NULL","NULL","NULL","NULL","MPQ:CO","C6:CA","NULL","NULL"
"q_1490","Often need help.","NULL","NULL","H:E:D","NULL","NULL","NULL","NULL","NULL"
"q_1495","[Often worry things unimportant].","NULL","NULL","H:E:A","NULL","NULL","NULL","NULL","NULL"
"q_1496","Only feel comfortable with friends.","NULL","NULL","NULL","NULL","NULL","N4:SC","NULL","NULL"
"q_1505","Panic easily.","B5:ES","NULL","H:E:A","QB6:ES","MPQ:SR","N6:VU","NULL","NULL"
"q_1507","Pay attention to details.","B5:C","NULL","H:C:PE","NULL","MPQ:CO","NULL","NULL","NULL"
"q_1508","Pay my bills on time.","NULL","NULL","NULL","NULL","NULL","C3:DU","NULL","NULL"
"q_1511","Pay too little attention to details.","NULL","NULL","H:C:PE","QB6:C","NULL","NULL","NULL","NULL"
"q_1517","Play a role in order to impress people.","NULL","NULL","H:H:S","NULL","NULL","NULL","NULL","NULL"
"q_1519","Plunge into tasks with all my heart.","NULL","NULL","NULL","NULL","MPQ:AC","C4:AS","NULL","NULL"
"q_1521","Postpone decisions.","NULL","BFAS:C:I","NULL","NULL","NULL","C5:SD","NULL","NULL"
"q_1531","Prefer to be alone.","NULL","NULL","NULL","NULL","NULL","E2:GR","NULL","NULL"
"q_1536","Prefer to eat at expensive restaurants.","NULL","NULL","H:H:GA","NULL","NULL","NULL","NULL","NULL"
"q_1537","Prefer to just let things happen.","NULL","NULL","H:C:PE","NULL","NULL","NULL","NULL","NULL"
"q_1540","Prefer to stick with things that I know.","NULL","NULL","NULL","NULL","NULL","O4:AD","NULL","NULL"
"q_1542","Prefer variety to routine.","NULL","NULL","NULL","NULL","NULL","O4:AD","NULL","NULL"
"q_1543","Pretend to be concerned for others.","NULL","NULL","H:H:S","NULL","NULL","A2:MO","NULL","NULL"
"q_1550","Push myself very hard to succeed.","NULL","NULL","H:C:D","NULL","NULL","NULL","NULL","NULL"
"q_1553","Put little time and effort into my work.","NULL","NULL","NULL","NULL","NULL","C4:AS","NULL","NULL"
"q_1555","Put on a show to impress people.","NULL","NULL","H:H:S","NULL","NULL","NULL","NULL","NULL"
"q_1556","Rarely put people under pressure.","NULL","BFAS:A:P","NULL","NULL","NULL","A2:MO","NULL","NULL"
"q_1563","Quickly lose interest in the tasks I start.","NULL","NULL","H:C:D","NULL","NULL","NULL","NULL","NULL"
"q_1567","Radiate joy.","NULL","NULL","NULL","NULL","MPQ:WB","E6:CH","NULL","NULL"
"q_1571","Rarely complain.","NULL","NULL","H:A:G","NULL","MPQ:AG","N2:ANG","NULL","NULL"
"q_1573","Rarely cry during sad movies.","NULL","NULL","H:E:S","NULL","NULL","NULL","NULL","NULL"
"q_1575","Rarely enjoy being with people.","NULL","NULL","H:X:S","NULL","NULL","NULL","NULL","NULL"
"q_1577","Rarely feel angry with people.","NULL","NULL","H:A:P","NULL","NULL","NULL","NULL","NULL"
"q_1578","Rarely feel depressed.","NULL","BFAS:N:W","H:E:A","NULL","NULL","NULL","NULL","NULL"
"q_1583","Rarely get caught up in the excitement.","NULL","BFAS:E:E","NULL","NULL","NULL","NULL","NULL","NULL"
"q_1585","Rarely get irritated.","B5:ES","BFAS:N:V","H:A:P","NULL","MPQ:AG","N2:ANG","NULL","NULL"
"q_1587","Rarely look for a deeper meaning in things.","NULL","NULL","NULL","NULL","MPQ:AB","NULL","NULL","NULL"
"q_1588","Rarely lose my composure.","NULL","BFAS:N:V","NULL","NULL","NULL","NULL","NULL","NULL"
"q_1589","Rarely notice my emotional reactions.","NULL","NULL","NULL","NULL","NULL","O3:EM","NULL","NULL"
"q_1590","Rarely overindulge.","NULL","NULL","NULL","NULL","NULL","N5:IM","NULL","NULL"
"q_1591","Rarely show my anger.","NULL","NULL","NULL","QB6:A","NULL","NULL","NULL","NULL"
"q_1596","Rarely worry.","NULL","NULL","H:E:A","QB6:ES","NULL","NULL","NULL","NULL"
"q_1599","React quickly.","NULL","NULL","NULL","NULL","NULL","E4:AL","NULL","NULL"
"q_1600","React slowly.","NULL","NULL","NULL","NULL","NULL","E4:AL","NULL","NULL"
"q_1601","React strongly to criticism.","NULL","NULL","H:A:FL","NULL","NULL","NULL","NULL","NULL"
"q_1606","Readily overcome setbacks.","NULL","NULL","NULL","NULL","NULL","N6:VU","NULL","NULL"
"q_1609","Rebel against authority.","NULL","NULL","H:O:U","NULL","NULL","NULL","NULL","NULL"
"q_1610","Recover quickly from stress and illness.","NULL","NULL","NULL","QB6:ES","NULL","NULL","NULL","NULL"
"q_1616","Remain calm under pressure.","NULL","NULL","H:E:A","NULL","NULL","N6:VU","NULL","NULL"
"q_1624","Respect authority.","NULL","BFAS:A:P","NULL","NULL","NULL","NULL","NULL","NULL"
"q_1633","Return extra change when a cashier makes a mistake.","NULL","NULL","H:H:F","NULL","NULL","NULL","NULL","NULL"
"q_1635","Reveal little about myself.","NULL","BFAS:E:E","NULL","QB6:X","NULL","NULL","NULL","NULL"
"q_1638","Rush into things.","NULL","NULL","NULL","NULL","NULL","C6:CA","NULL","NULL"
"q_1643","Say little.","NULL","NULL","H:X:E","NULL","NULL","NULL","NULL","NULL"
"q_1648","See beauty in things that others might not notice.","NULL","BFAS:O:O","H:O:A","NULL","MPQ:AB","O2:AI","NULL","NULL"
"q_1652","See myself as a good leader.","NULL","BFAS:E:A","NULL","NULL","MPQ:SP","NULL","NULL","NULL"
"q_1653","See myself as an average person.","NULL","NULL","H:H:M","NULL","NULL","NULL","NULL","NULL"
"q_1657","See that rules are observed.","NULL","BFAS:C:O","NULL","NULL","NULL","NULL","NULL","NULL"
"q_1662","Seek adventure.","NULL","NULL","NULL","NULL","MPQ:HA","E5:ES","NULL","NULL"
"q_1663","Seek conflict.","NULL","BFAS:A:P","NULL","NULL","NULL","NULL","NULL","NULL"
"q_1664","Seek danger.","NULL","NULL","NULL","NULL","MPQ:HA","E5:ES","NULL","NULL"
"q_1666","Seek quiet.","NULL","NULL","NULL","NULL","NULL","E2:GR","NULL","NULL"
"q_1667","Seek status.","NULL","NULL","H:H:GA","NULL","NULL","NULL","NULL","NULL"
"q_1668","Seek support.","NULL","NULL","H:E:D","NULL","NULL","NULL","NULL","NULL"
"q_1670","Seek to influence others.","NULL","NULL","NULL","NULL","NULL","E3:AS","NULL","NULL"
"q_1671","[Enjoy interactions less than others].","NULL","NULL","H:X:S","NULL","NULL","NULL","NULL","NULL"
"q_1675","Seldom daydream.","NULL","BFAS:O:O","NULL","NULL","NULL","O1:IM","NULL","NULL"
"q_1676","Seldom experience sudden intuitive insights.","NULL","NULL","H:O:C","QB6:O","NULL","NULL","NULL","NULL"
"q_1677","Seldom feel blue.","B5:ES","BFAS:N:W","NULL","NULL","MPQ:SR","N3:DE","NULL","NULL"
"q_1679","Seldom feel weepy while reading [sad story].","NULL","NULL","H:E:S","NULL","NULL","NULL","NULL","NULL"
"q_1681","Seldom get emotional.","NULL","NULL","H:E:S","NULL","NULL","O3:EM","NULL","NULL"
"q_1682","Seldom get lost in thought.","NULL","BFAS:O:O","NULL","NULL","MPQ:AB","O1:IM","NULL","NULL"
"q_1683","Seldom get mad.","B5:ES","NULL","H:A:P","NULL","MPQ:AG","N2:ANG","NULL","NULL"
"q_1685","Seldom joke around.","NULL","NULL","NULL","QB6:X","NULL","E6:CH","NULL","NULL"
"q_1687","Seldom notice emotional aspects of [visual art].","NULL","BFAS:O:O","H:O:A","NULL","NULL","NULL","NULL","NULL"
"q_1691","Seldom toot my own horn.","NULL","NULL","NULL","NULL","NULL","A5:MO","NULL","NULL"
"q_1694","Set high standards for myself and others.","NULL","NULL","NULL","NULL","NULL","C4:AS","NULL","NULL"
"q_1696","Shirk my duties.","B5:C","NULL","NULL","QB6:C","NULL","NULL","NULL","NULL"
"q_1697","Shoot my mouth off.","NULL","NULL","NULL","NULL","NULL","NULL","NULL","PS:S"
"q_1703","Show my feelings when I'm happy.","NULL","BFAS:E:E","NULL","QB6:X","NULL","NULL","NULL","NULL"
"q_1705","Show my gratitude.","B5:A","NULL","NULL","NULL","NULL","NULL","NULL","NULL"
"q_1706","Show my sadness.","NULL","NULL","H:E:D","NULL","NULL","NULL","NULL","NULL"
"q_1709","Smile a lot.","NULL","NULL","H:X:L","NULL","NULL","NULL","NULL","NULL"
"q_1725","Speak ill of others.","NULL","NULL","H:A:G","NULL","NULL","NULL","NULL","NULL"
"q_1730","Speak softly.","NULL","NULL","H:X:E","NULL","NULL","NULL","NULL","NULL"
"q_1738","Spend time reflecting on things.","B5:O","NULL","NULL","NULL","NULL","O1:IM","NULL","NULL"
"q_1742","Start conversations.","B5:E","NULL","NULL","NULL","NULL","NULL","NULL","NULL"
"q_1744","Start tasks right away.","NULL","NULL","NULL","NULL","NULL","C5:SD","NULL","NULL"
"q_1747","Steal things.","NULL","NULL","H:H:F","QB6:H","NULL","NULL","NULL","NULL"
"q_1748","Stick to my chosen path.","NULL","NULL","NULL","NULL","NULL","C6:CA","NULL","NULL"
"q_1752","Stick to the rules.","NULL","NULL","NULL","QB6:H","NULL","A2:MO","NULL","NULL"
"q_1754","Stop when work becomes too difficult.","NULL","NULL","H:C:D","NULL","NULL","NULL","NULL","NULL"
"q_1755","Stumble over my words.","NULL","NULL","NULL","NULL","NULL","N4:SC","NULL","NULL"
"q_1757","Suffer from others' sorrows.","NULL","NULL","NULL","NULL","NULL","A6:SY","NULL","NULL"
"q_1758","Suspect hidden motives in others.","NULL","NULL","NULL","NULL","MPQ:AL","A1:TR","NULL","NULL"
"q_1759","[Suspect facial expressions show when sad].","NULL","NULL","H:E:D","NULL","NULL","NULL","NULL","NULL"
"q_1761","Swim against the current.","NULL","NULL","H:O:U","NULL","NULL","NULL","NULL","NULL"
"q_1762","Switch my loyalties when I feel like it.","NULL","NULL","H:H:S","NULL","NULL","NULL","NULL","NULL"
"q_1763","Sympathize with others' feelings.","B5:A","BFAS:A:C","NULL","NULL","NULL","NULL","NULL","NULL"
"q_1764","Sympathize with the homeless.","NULL","NULL","NULL","NULL","NULL","A6:SY","NULL","NULL"
"q_1765","Take advantage of others.","NULL","BFAS:A:P","NULL","NULL","NULL","A2:MO","NULL","NULL"
"q_1766","Take an interest in other people's lives.","NULL","BFAS:A:C","NULL","NULL","NULL","NULL","NULL","NULL"
"q_1768","Take charge.","B5:E","BFAS:E:A","NULL","NULL","MPQ:SP","E3:AS","NULL","NULL"
"q_1769","Take control of things.","NULL","NULL","NULL","NULL","NULL","E3:AS","NULL","NULL"
"q_1774","Take no time for others.","NULL","BFAS:A:C","NULL","NULL","NULL","A3:AL","NULL","NULL"
"q_1775","Take offense easily.","B5:ES","NULL","NULL","NULL","NULL","NULL","NULL","NULL"
"q_1780","Take risks that could cause trouble for me.","NULL","NULL","NULL","QB6:H","NULL","NULL","NULL","NULL"
"q_1781","Take risks.","NULL","NULL","NULL","NULL","MPQ:HA","NULL","NULL","NULL"
"q_1787","Take things as they come.","NULL","NULL","H:A:G","NULL","NULL","NULL","NULL","NULL"
"q_1792","Take time out for others.","B5:A","NULL","NULL","NULL","NULL","NULL","NULL","NULL"
"q_1795","Talk a lot.","NULL","NULL","H:X:E","NULL","NULL","NULL","NULL","NULL"
"q_1798","Talk even when I know I shouldnt.","NULL","NULL","NULL","NULL","NULL","NULL","NULL","PS:S"
"q_1803","Talk to a lot of different people at parties.","B5:E","NULL","H:X:S","QB6:X","NULL","E2:GR","NULL","NULL"
"q_1808","[Tell people...want to hear so they do what I want].","NULL","NULL","H:H:S","NULL","NULL","NULL","NULL","NULL"
"q_1810","Tell people about it when I'm irritated.","NULL","NULL","H:X:E","NULL","NULL","NULL","NULL","NULL"
"q_1812","Tell the truth.","NULL","NULL","NULL","NULL","NULL","C3:DU","NULL","NULL"
"q_1818","Tend to dislike soft-hearted people.","NULL","NULL","NULL","NULL","NULL","A6:SY","NULL","NULL"
"q_1824","Tend to vote for conservative political candidates.","NULL","NULL","NULL","NULL","MPQ:TR","O6:LI","NULL","NULL"
"q_1825","Tend to vote for liberal political candidates.","NULL","NULL","NULL","NULL","MPQ:TR","O6:LI","NULL","NULL"
"q_1830","Think highly of myself.","NULL","NULL","NULL","NULL","NULL","A5:MO","NULL","NULL"
"q_1832","Think of others first.","B5:A","NULL","NULL","NULL","NULL","NULL","NULL","NULL"
"q_1834","Think quickly.","NULL","BFAS:O:I","NULL","NULL","NULL","NULL","NULL","NULL"
"q_1835","Think that all will be well.","NULL","NULL","NULL","NULL","NULL","A1:TR","NULL","NULL"
"q_1840","Think that my moods dont change more than most peoples do.","NULL","NULL","NULL","NULL","NULL","NULL","NULL","PS:S"
"q_1848","Tire out quickly.","NULL","NULL","H:X:L","NULL","NULL","NULL","NULL","NULL"
"q_1853","Tremble in dangerous situations.","NULL","NULL","H:E:F","NULL","NULL","NULL","NULL","NULL"
"q_1854","Trust others.","NULL","NULL","NULL","NULL","MPQ:AL","A1:TR","NULL","NULL"
"q_1855","Trust what people say.","NULL","NULL","NULL","NULL","MPQ:AL","A1:TR","NULL","NULL"
"q_1858","Try not to think about the needy.","NULL","NULL","NULL","NULL","NULL","A6:SY","NULL","NULL"
"q_1861","Try to avoid complex people.","B5:O","NULL","H:O:U","NULL","NULL","NULL","NULL","NULL"
"q_1867","Try to follow the rules.","NULL","NULL","H:H:F","NULL","NULL","C3:DU","NULL","PS:S"
"q_1869","Try to forgive and forget.","NULL","NULL","H:A:FO","NULL","MPQ:AG","NULL","NULL","NULL"
"q_1871","Try to impress others.","NULL","NULL","H:H:GA","NULL","NULL","NULL","NULL","NULL"
"q_1872","Try to lead others.","NULL","NULL","NULL","NULL","NULL","E3:AS","NULL","NULL"
"q_1880","Try to understand myself.","NULL","NULL","NULL","NULL","NULL","O3:EM","NULL","NULL"
"q_1881","Turn my back on others.","NULL","NULL","NULL","NULL","NULL","A3:AL","NULL","NULL"
"q_1883","Turn plans into actions.","NULL","NULL","NULL","NULL","NULL","C4:AS","NULL","NULL"
"q_1893","Use difficult words.","B5:O","NULL","NULL","NULL","NULL","NULL","NULL","NULL"
"q_1894","Use flattery to get ahead.","NULL","NULL","H:H:S","NULL","NULL","A2:MO","NULL","NULL"
"q_1896","Use others for my own ends.","NULL","NULL","NULL","QB6:H","NULL","A2:MO","NULL","NULL"
"q_1899","Usually enjoy being with people.","NULL","NULL","NULL","QB6:X","NULL","NULL","NULL","NULL"
"q_1904","Usually like to spend my free time with people.","NULL","NULL","H:X:S","NULL","NULL","NULL","NULL","NULL"
"q_1910","Value cooperation over competition.","NULL","NULL","NULL","NULL","NULL","A6:SY","NULL","NULL"
"q_1913","Wait for others to lead the way.","B5:E","BFAS:E:A","NULL","NULL","NULL","E3:AS","NULL","NULL"
"q_1915","Want every detail taken care of.","NULL","BFAS:C:O","H:C:PE","NULL","NULL","NULL","NULL","NULL"
"q_1916","Want everything to add up perfectly.","NULL","NULL","H:C:PE","NULL","NULL","NULL","NULL","NULL"
"q_1917","Want everything to be ""just right.""","NULL","BFAS:C:O","H:C:O","NULL","NULL","C2:OR","NULL","NULL"
"q_1923","Want to be left alone.","NULL","NULL","NULL","NULL","MPQ:SC","E2:GR","NULL","NULL"
"q_1924","Want to be liked.","NULL","NULL","H:E:D","NULL","NULL","NULL","NULL","NULL"
"q_1943","Warm up quickly to others.","NULL","BFAS:E:E","NULL","NULL","MPQ:SC","E1:FR","NULL","NULL"
"q_1949","Waste my time.","B5:C","BFAS:C:I","NULL","QB6:C","NULL","C5:SD","NULL","NULL"
"q_1957","[Often bothered by at least one in group interactions].","NULL","NULL","H:A:FL","NULL","NULL","NULL","NULL","NULL"
"q_1962","Will do anything for others.","NULL","NULL","NULL","NULL","MPQ:UV","NULL","NULL","NULL"
"q_1964","Will not probe deeply into a subject.","B5:O","NULL","H:O:I","NULL","NULL","NULL","NULL","NULL"
"q_1969","Wish to stay young forever.","NULL","NULL","H:H:GA","NULL","NULL","NULL","NULL","NULL"
"q_1979","Work hard.","NULL","NULL","H:C:D","NULL","MPQ:AC","C4:AS","NULL","NULL"
"q_1984","Work too much.","NULL","NULL","NULL","NULL","MPQ:AC","NULL","NULL","NULL"
"q_1989","Worry about things.","B5:ES","BFAS:N:W","H:E:A","NULL","MPQ:SR","N1:ANX","NULL","NULL"
"q_1992","Would be afraid to give a speech in public.","NULL","NULL","H:X:SB","NULL","NULL","NULL","NULL","NULL"
"q_1993","[Good at rescuing from burning building].","NULL","NULL","H:E:F","NULL","NULL","NULL","NULL","NULL"
"q_1998","Would describe my experiences as somewhat dull.","NULL","NULL","NULL","NULL","NULL","NULL","NULL","PS:P"
"q_2001","Would fear walking in a high-crime part of a city.","NULL","NULL","H:E:F","NULL","NULL","NULL","NULL","NULL"
"q_2003","[Would feel v. badly for a long time if stole].","NULL","NULL","H:H:F","NULL","NULL","NULL","NULL","NULL"
"q_2005","Would hate to be considered odd or strange.","NULL","NULL","H:O:U","NULL","NULL","NULL","NULL","NULL"
"q_2008","Would like to have more power than other people.","NULL","NULL","H:H:M","NULL","NULL","NULL","NULL","NULL"
"q_2011","Would love to explore strange places.","NULL","NULL","H:O:I","NULL","NULL","NULL","NULL","NULL"
"q_2016","Would never cheat on my taxes.","NULL","NULL","H:H:F","NULL","NULL","A2:MO","NULL","NULL"
"q_2017","Would never go hang gliding or bungee jumping.","NULL","NULL","NULL","NULL","MPQ:HA","E5:ES","NULL","NULL"
"q_2018","[Never go down rapids in a canoe].","NULL","NULL","H:E:F","NULL","NULL","NULL","NULL","NULL"
"q_2020","Would never make a high-risk investment.","NULL","NULL","NULL","NULL","MPQ:HA","NULL","NULL","NULL"
"q_2021","Would never take things that aren't mine.","NULL","NULL","H:H:F","QB6:H","MPQ:AG","NULL","NULL","NULL"
"q_2024","[Would not enjoy a highly social job].","NULL","NULL","H:X:S","NULL","NULL","NULL","NULL","NULL"
"q_2025","Would not enjoy being a famous celebrity.","NULL","NULL","H:H:GA","NULL","NULL","NULL","NULL","NULL"
"q_2029","[Not regret taking advantage of someone impulsively].","NULL","NULL","H:H:F","NULL","NULL","NULL","NULL","NULL"
"q_2036","Yell at people.","NULL","NULL","NULL","NULL","NULL","A4:CO","NULL","NULL"
"q_2160","Am not a very enthusiastic person.","NULL","BFAS:E:E","NULL","NULL","NULL","NULL","NULL","NULL"
"q_2161","Do not have an assertive personality.","NULL","BFAS:E:A","NULL","NULL","NULL","NULL","NULL","NULL"
"q_2737","Am a goal-oriented person.","NULL","NULL","NULL","QB6:C","NULL","NULL","NULL","NULL"
"q_2745","Am able to come up with new and different ideas.","NULL","NULL","NULL","NULL","NULL","NULL","NULL","PS:P"
"q_2754","Am an original thinker.","NULL","NULL","NULL","NULL","NULL","NULL","NULL","PS:P"
"q_2756","Am considered to be a wise person.","NULL","NULL","NULL","QB6:O","NULL","NULL","NULL","NULL"
"q_2765","Am happy with my life.","NULL","NULL","NULL","QB6:ES","NULL","NULL","NULL","NULL"
"q_2775","Am not all that curious about the world.","NULL","NULL","NULL","QB6:O","NULL","NULL","NULL","NULL"
"q_2786","Am often worried by things that I said or did.","NULL","NULL","NULL","QB6:ES","NULL","NULL","NULL","NULL"
"q_2821","Behave in unusual and strange ways.","NULL","NULL","NULL","NULL","NULL","NULL","NULL","PS:S"
"q_2853","Cannot imagine lying or cheating.","NULL","NULL","NULL","QB6:H","NULL","NULL","NULL","NULL"
"q_2891","Don't pride myself on being original.","NULL","NULL","NULL","QB6:O","NULL","NULL","NULL","NULL"
"q_2900","Don't think it's important to socialize with others.","NULL","NULL","NULL","QB6:X","NULL","NULL","NULL","NULL"
"q_2951","Have a colorful and dramatic way of talking about things. ","NULL","NULL","NULL","NULL","NULL","NULL","NULL","PS:P"
"q_3023","Look forward to the opportunity to learn and grow. ","NULL","NULL","NULL","NULL","NULL","NULL","NULL","PS:P"
"q_3090","When with a group, have difficulties selecting a good topic to talk about.","NULL","NULL","NULL","NULL","NULL","NULL","NULL","PS:P"
"q_3691","Am selfdestructive.","NULL","NULL","NULL","NULL","NULL","NULL","NULL","PS:S"
"q_4222","Have many different hobbies.","NULL","NULL","NULL","NULL","NULL","NULL","EPQ:E","NULL"
"q_4223","Stop to think things over before doing anything.","NULL","NULL","NULL","NULL","NULL","NULL","EPQ:P","NULL"
"q_4224","My mood often goes up and down.","NULL","NULL","NULL","NULL","NULL","NULL","EPQ:N","NULL"
"q_4225","Often take notice of what people think.","NULL","NULL","NULL","NULL","NULL","NULL","EPQ:P","NULL"
"q_4226","Am a talkative person.","NULL","NULL","NULL","NULL","NULL","NULL","EPQ:E","NULL"
"q_4227","Being in debt is worrisome to me.","NULL","NULL","NULL","NULL","NULL","NULL","EPQ:P","NULL"
"q_4228","Sometimes feel ""just miserable"" for no reason.","NULL","NULL","NULL","NULL","NULL","NULL","EPQ:N","NULL"
"q_4229","Give money to charities.","NULL","NULL","NULL","NULL","NULL","NULL","EPQ:P","NULL"
"q_4230","Am rather lively.","NULL","NULL","NULL","NULL","NULL","NULL","EPQ:E","NULL"
"q_4231","It would upset me a lot to see a child or animal suffer.","NULL","NULL","NULL","NULL","NULL","NULL","EPQ:P","NULL"
"q_4232","Often worry about things I should not have done or said.","NULL","NULL","NULL","NULL","NULL","NULL","EPQ:N","NULL"
"q_4233","Dislike people who don't know how to behave themselves.","NULL","NULL","NULL","NULL","NULL","NULL","EPQ:P","NULL"
"q_4234","Can usually let myself go and enjoy a lively party.","NULL","NULL","NULL","NULL","NULL","NULL","EPQ:E","NULL"
"q_4235","Am an irritable person.","NULL","NULL","NULL","NULL","NULL","NULL","EPQ:N","NULL"
"q_4236","People should always respect the law.","NULL","NULL","NULL","NULL","NULL","NULL","EPQ:P","NULL"
"q_4237","Enjoy meeting new people.","NULL","NULL","NULL","NULL","NULL","NULL","EPQ:E","NULL"
"q_4238","Good manners are very important.","NULL","NULL","NULL","NULL","NULL","NULL","EPQ:P","NULL"
"q_4239","My feelings are easily hurt.","NULL","NULL","NULL","NULL","NULL","NULL","EPQ:N","NULL"
"q_4240","Tend to keep in the background on social occasions.","NULL","NULL","NULL","NULL","NULL","NULL","EPQ:E","NULL"
"q_4241","Would take drugs which may have strange or dangerous effects.","NULL","NULL","NULL","NULL","NULL","NULL","EPQ:P","NULL"
"q_4242","Often feel ""fed-up.""","NULL","NULL","NULL","NULL","NULL","NULL","EPQ:N","NULL"
"q_4243","Like going out a lot.","NULL","NULL","NULL","NULL","NULL","NULL","EPQ:E","NULL"
"q_4244","Prefer to go my own way rather than act by the rules.","NULL","NULL","NULL","NULL","NULL","NULL","EPQ:P","NULL"
"q_4245","Enjoy hurting people I love.","NULL","NULL","NULL","NULL","NULL","NULL","EPQ:P","NULL"
"q_4246","Am often troubled by feelings of guilt.","NULL","NULL","NULL","NULL","NULL","NULL","EPQ:N","NULL"
"q_4247","Prefer reading to meeting people.","NULL","NULL","NULL","NULL","NULL","NULL","EPQ:E","NULL"
"q_4248","Have enemies who want to harm me.","NULL","NULL","NULL","NULL","NULL","NULL","EPQ:P","NULL"
"q_4249","Would call myself a nervous person.","NULL","NULL","NULL","NULL","NULL","NULL","EPQ:N","NULL"
"q_4250","Have many friends.","NULL","NULL","NULL","NULL","NULL","NULL","EPQ:E","NULL"
"q_4251","Enjoy practical jokes that can sometimes really hurt people.","NULL","NULL","NULL","NULL","NULL","NULL","EPQ:P","NULL"
"q_4252","Am a worrier.","NULL","NULL","NULL","NULL","NULL","NULL","EPQ:N","NULL"
"q_4253","Would call myself happy-go-lucky.","NULL","NULL","NULL","NULL","NULL","NULL","EPQ:E","NULL"
"q_4254","Good manners and cleanliness matter to me.","NULL","NULL","NULL","NULL","NULL","NULL","EPQ:P","NULL"
"q_4255","Have often gone against my parents' wishes.","NULL","NULL","NULL","NULL","NULL","NULL","EPQ:P","NULL"
"q_4256","Worry about awful things that might happen.","NULL","NULL","NULL","NULL","NULL","NULL","EPQ:N","NULL"
"q_4257","Usually take the initiative in making new friends.","NULL","NULL","NULL","NULL","NULL","NULL","EPQ:E","NULL"
"q_4258","Would call myself tense or ""highly-strung.""","NULL","NULL","NULL","NULL","NULL","NULL","EPQ:N","NULL"
"q_4259","Am mostly quiet when with other people.","NULL","NULL","NULL","NULL","NULL","NULL","EPQ:E","NULL"
"q_4260","Think marriage is old-fashioned and should be done away with.","NULL","NULL","NULL","NULL","NULL","NULL","EPQ:P","NULL"
"q_4261","Am more easy-going about right and wrong than most people.","NULL","NULL","NULL","NULL","NULL","NULL","EPQ:P","NULL"
"q_4262","Can easily get some life into a dull party.","NULL","NULL","NULL","NULL","NULL","NULL","EPQ:E","NULL"
"q_4263","Worry about my health.","NULL","NULL","NULL","NULL","NULL","NULL","EPQ:N","NULL"
"q_4264","Enjoy cooperating with others.","NULL","NULL","NULL","NULL","NULL","NULL","EPQ:P","NULL"
"q_4265","Like telling jokes and funny stories to my friends.","NULL","NULL","NULL","NULL","NULL","NULL","EPQ:E","NULL"
"q_4266","Most things taste the same to me.","NULL","NULL","NULL","NULL","NULL","NULL","EPQ:P","NULL"
"q_4267","Like mixing with people.","NULL","NULL","NULL","NULL","NULL","NULL","EPQ:E","NULL"
"q_4268","Worry if I know there are mistakes in my work.","NULL","NULL","NULL","NULL","NULL","NULL","EPQ:P","NULL"
"q_4269","Suffer from sleeplessness.","NULL","NULL","NULL","NULL","NULL","NULL","EPQ:N","NULL"
"q_4270","People have said that I sometimes act rashly.","NULL","NULL","NULL","NULL","NULL","NULL","EPQ:E","NULL"
"q_4271","Nearly always have a ""ready answer"" when talking to people.","NULL","NULL","NULL","NULL","NULL","NULL","EPQ:E","NULL"
"q_4272","Like to arrive at appointments in plenty of time.","NULL","NULL","NULL","NULL","NULL","NULL","EPQ:P","NULL"
"q_4273","Often feel listless and tired for no reason.","NULL","NULL","NULL","NULL","NULL","NULL","EPQ:N","NULL"
"q_4274","Like doing things in which I have to act quickly.","NULL","NULL","NULL","NULL","NULL","NULL","EPQ:E","NULL"
"q_4275","My mother is (or was) a good woman.","NULL","NULL","NULL","NULL","NULL","NULL","EPQ:P","NULL"
"q_4276","Often make decisions on the spur of the moment.","NULL","NULL","NULL","NULL","NULL","NULL","EPQ:E","NULL"
"q_4277","Often feel life is very dull.","NULL","NULL","NULL","NULL","NULL","NULL","EPQ:N","NULL"
"q_4278","Often take on more activities than I have time for.","NULL","NULL","NULL","NULL","NULL","NULL","EPQ:E","NULL"
"q_4279","There are several people who keep trying to avoid me.","NULL","NULL","NULL","NULL","NULL","NULL","EPQ:P","NULL"
"q_4280","Worry a lot about my looks.","NULL","NULL","NULL","NULL","NULL","NULL","EPQ:N","NULL"
"q_4281","People spend too much time safeguarding their future with savings and insurance.","NULL","NULL","NULL","NULL","NULL","NULL","EPQ:P","NULL"
"q_4282","Have once wished that I were dead.","NULL","NULL","NULL","NULL","NULL","NULL","EPQ:N","NULL"
"q_4283","Can get a party going.","NULL","NULL","NULL","NULL","NULL","NULL","EPQ:E","NULL"
"q_4284","Try not to be rude to people.","NULL","NULL","NULL","NULL","NULL","NULL","EPQ:P","NULL"
"q_4285","Worry too long after an embarrassing experience.","NULL","NULL","NULL","NULL","NULL","NULL","EPQ:N","NULL"
"q_4286","Generally ""look before I leap.""","NULL","NULL","NULL","NULL","NULL","NULL","EPQ:P","NULL"
"q_4287","Suffer from ""nerves.""","NULL","NULL","NULL","NULL","NULL","NULL","EPQ:N","NULL"
"q_4288","Often feel lonely.","NULL","NULL","NULL","NULL","NULL","NULL","EPQ:N","NULL"
"q_4289","Trust people to mainly tell the truth.","NULL","NULL","NULL","NULL","NULL","NULL","EPQ:P","NULL"
"q_4290","Am easily hurt when people find fault with me or the work I do.","NULL","NULL","NULL","NULL","NULL","NULL","EPQ:N","NULL"
"q_4291","It is better to follow society's rules than to go my own way.","NULL","NULL","NULL","NULL","NULL","NULL","EPQ:P","NULL"
"q_4292","Like having plenty of bustle and excitement around.","NULL","NULL","NULL","NULL","NULL","NULL","EPQ:E","NULL"
"q_4293","Would like for other people to be afraid of me.","NULL","NULL","NULL","NULL","NULL","NULL","EPQ:P","NULL"
"q_4294","Am sometimes bubbling over with energy and sometimes very sluggish.","NULL","NULL","NULL","NULL","NULL","NULL","EPQ:N","NULL"
"q_4295","Other people think of me as being very lively.","NULL","NULL","NULL","NULL","NULL","NULL","EPQ:E","NULL"
"q_4296","Tell a lot of lies.","NULL","NULL","NULL","NULL","NULL","NULL","EPQ:P","NULL"
"q_4297","Believe one has special duties to one's family.","NULL","NULL","NULL","NULL","NULL","NULL","EPQ:P","NULL"
"q_4298","Am touchy about some things.","NULL","NULL","NULL","NULL","NULL","NULL","EPQ:N","NULL"
"q_4299","Would feel very sorry for an animal caught in a trap.","NULL","NULL","NULL","NULL","NULL","NULL","EPQ:P","NULL"
"q_4300","When my temper rises, I find it difficult to control.","NULL","NULL","NULL","NULL","NULL","NULL","EPQ:N","NULL"
